<?xml version="1.0" encoding="UTF-8"?>
<metadata xml:lang="en"><Esri><CreaDate>20210429</CreaDate><CreaTime>06041700</CreaTime><ArcGISFormat>1.0</ArcGISFormat><SyncOnce>TRUE</SyncOnce><DataProperties><lineage><Process ToolSource="c:\program files (x86)\arcgis\desktop10.8\ArcToolbox\Toolboxes\Data Management Tools.tbx\CalculateField" Date="20210429" Time="045827">CalculateField JP_WITHIN_earthquake rock_level '3' PYTHON_9.3 #</Process><Process ToolSource="c:\program files (x86)\arcgis\desktop10.8\ArcToolbox\Toolboxes\Data Management Tools.tbx\CalculateField" Date="20210429" Time="051533">CalculateField JP_WITHIN_earthquake rock_level '3' PYTHON_9.3 #</Process><Process ToolSource="c:\program files (x86)\arcgis\desktop10.8\ArcToolbox\Toolboxes\Data Management Tools.tbx\CalculateField" Date="20210429" Time="051609">CalculateField JP_WITHIN_earthquake rock_level '2' PYTHON_9.3 #</Process><Process ToolSource="c:\program files (x86)\arcgis\desktop10.8\ArcToolbox\Toolboxes\Data Management Tools.tbx\CalculateField" Date="20210429" Time="051632">CalculateField JP_WITHIN_earthquake rock_level '1' PYTHON_9.3 #</Process><Process ToolSource="c:\program files (x86)\arcgis\desktop10.8\ArcToolbox\Toolboxes\Data Management Tools.tbx\CalculateField" Date="20210429" Time="051743">CalculateField JP_WITHIN_earthquake rock_level '1' PYTHON_9.3 #</Process><Process ToolSource="c:\program files (x86)\arcgis\desktop10.8\ArcToolbox\Toolboxes\Data Management Tools.tbx\CalculateField" Date="20210429" Time="051815">CalculateField JP_WITHIN_earthquake rock_level '2' PYTHON_9.3 #</Process><Process ToolSource="c:\program files (x86)\arcgis\desktop10.8\ArcToolbox\Toolboxes\Data Management Tools.tbx\CalculateField" Date="20210429" Time="051842">CalculateField JP_WITHIN_earthquake rock_level '3' PYTHON_9.3 #</Process><Process ToolSource="c:\program files (x86)\arcgis\desktop10.8\ArcToolbox\Toolboxes\Data Management Tools.tbx\CalculateField" Date="20210429" Time="051906">CalculateField JP_WITHIN_earthquake rock_level '3' PYTHON_9.3 #</Process><Process ToolSource="c:\program files (x86)\arcgis\desktop10.8\ArcToolbox\Toolboxes\Data Management Tools.tbx\CalculateField" Date="20210429" Time="051932">CalculateField JP_WITHIN_earthquake rock_level '1' PYTHON_9.3 #</Process><Process ToolSource="c:\program files (x86)\arcgis\desktop10.8\ArcToolbox\Toolboxes\Data Management Tools.tbx\CalculateField" Date="20210429" Time="052011">CalculateField JP_WITHIN_earthquake rock_level '3' PYTHON_9.3 #</Process><Process ToolSource="c:\program files (x86)\arcgis\desktop10.8\ArcToolbox\Toolboxes\Data Management Tools.tbx\CalculateField" Date="20210429" Time="052130">CalculateField JP_WITHIN_earthquake rock_level '3' PYTHON_9.3 #</Process><Process ToolSource="c:\program files (x86)\arcgis\desktop10.8\ArcToolbox\Toolboxes\Data Management Tools.tbx\CalculateField" Date="20210429" Time="052150">CalculateField JP_WITHIN_earthquake rock_level '2' PYTHON_9.3 #</Process><Process ToolSource="c:\program files (x86)\arcgis\desktop10.8\ArcToolbox\Toolboxes\Data Management Tools.tbx\CalculateField" Date="20210429" Time="052234">CalculateField JP_WITHIN_earthquake rock_level '1' PYTHON_9.3 #</Process><Process ToolSource="c:\program files (x86)\arcgis\desktop10.8\ArcToolbox\Toolboxes\Data Management Tools.tbx\CalculateField" Date="20210429" Time="052323">CalculateField JP_WITHIN_earthquake rock_level '3' PYTHON_9.3 #</Process><Process ToolSource="c:\program files (x86)\arcgis\desktop10.8\ArcToolbox\Toolboxes\Data Management Tools.tbx\CalculateField" Date="20210429" Time="052428">CalculateField JP_WITHIN_earthquake rock_level '1' PYTHON_9.3 #</Process><Process ToolSource="c:\program files (x86)\arcgis\desktop10.8\ArcToolbox\Toolboxes\Data Management Tools.tbx\CalculateField" Date="20210429" Time="052451">CalculateField JP_WITHIN_earthquake rock_level '3' PYTHON_9.3 #</Process><Process ToolSource="c:\program files (x86)\arcgis\desktop10.8\ArcToolbox\Toolboxes\Data Management Tools.tbx\CalculateField" Date="20210429" Time="052528">CalculateField JP_WITHIN_earthquake rock_level '3' PYTHON_9.3 #</Process><Process ToolSource="c:\program files (x86)\arcgis\desktop10.8\ArcToolbox\Toolboxes\Data Management Tools.tbx\CalculateField" Date="20210429" Time="052557">CalculateField JP_WITHIN_earthquake rock_level '3' PYTHON_9.3 #</Process><Process ToolSource="c:\program files (x86)\arcgis\desktop10.8\ArcToolbox\Toolboxes\Data Management Tools.tbx\CalculateField" Date="20210429" Time="052634">CalculateField JP_WITHIN_earthquake rock_level '3' PYTHON_9.3 #</Process><Process ToolSource="c:\program files (x86)\arcgis\desktop10.8\ArcToolbox\Toolboxes\Data Management Tools.tbx\CalculateField" Date="20210429" Time="052646">CalculateField JP_WITHIN_earthquake rock_level '3' PYTHON_9.3 #</Process><Process ToolSource="c:\program files (x86)\arcgis\desktop10.8\ArcToolbox\Toolboxes\Data Management Tools.tbx\CalculateField" Date="20210429" Time="052759">CalculateField JP_WITHIN_earthquake rock_level '2' PYTHON_9.3 #</Process><Process ToolSource="c:\program files (x86)\arcgis\desktop10.8\ArcToolbox\Toolboxes\Data Management Tools.tbx\CalculateField" Date="20210429" Time="052838">CalculateField JP_WITHIN_earthquake rock_level '3' PYTHON_9.3 #</Process><Process ToolSource="c:\program files (x86)\arcgis\desktop10.8\ArcToolbox\Toolboxes\Data Management Tools.tbx\CalculateField" Date="20210429" Time="052913">CalculateField JP_WITHIN_earthquake rock_level '1' PYTHON_9.3 #</Process><Process ToolSource="c:\program files (x86)\arcgis\desktop10.8\ArcToolbox\Toolboxes\Data Management Tools.tbx\CalculateField" Date="20210429" Time="052934">CalculateField JP_WITHIN_earthquake rock_level '1' PYTHON_9.3 #</Process><Process ToolSource="c:\program files (x86)\arcgis\desktop10.8\ArcToolbox\Toolboxes\Data Management Tools.tbx\CalculateField" Date="20210429" Time="053032">CalculateField JP_WITHIN_earthquake rock_level '1' PYTHON_9.3 #</Process><Process ToolSource="c:\program files (x86)\arcgis\desktop10.8\ArcToolbox\Toolboxes\Data Management Tools.tbx\CalculateField" Date="20210429" Time="053107">CalculateField JP_WITHIN_earthquake rock_level '3' PYTHON_9.3 #</Process><Process ToolSource="c:\program files (x86)\arcgis\desktop10.8\ArcToolbox\Toolboxes\Data Management Tools.tbx\CalculateField" Date="20210429" Time="053130">CalculateField JP_WITHIN_earthquake rock_level '1' PYTHON_9.3 #</Process><Process ToolSource="c:\program files (x86)\arcgis\desktop10.8\ArcToolbox\Toolboxes\Data Management Tools.tbx\CalculateField" Date="20210429" Time="053204">CalculateField JP_WITHIN_earthquake rock_level '3' PYTHON_9.3 #</Process><Process ToolSource="c:\program files (x86)\arcgis\desktop10.8\ArcToolbox\Toolboxes\Data Management Tools.tbx\CalculateField" Date="20210429" Time="053402">CalculateField JP_WITHIN_earthquake rock_level '3' PYTHON_9.3 #</Process><Process ToolSource="c:\program files (x86)\arcgis\desktop10.8\ArcToolbox\Toolboxes\Data Management Tools.tbx\CalculateField" Date="20210429" Time="053426">CalculateField JP_WITHIN_earthquake rock_level '2' PYTHON_9.3 #</Process><Process ToolSource="c:\program files (x86)\arcgis\desktop10.8\ArcToolbox\Toolboxes\Data Management Tools.tbx\CalculateField" Date="20210429" Time="053445">CalculateField JP_WITHIN_earthquake rock_level '1' PYTHON_9.3 #</Process><Process ToolSource="c:\program files (x86)\arcgis\desktop10.8\ArcToolbox\Toolboxes\Data Management Tools.tbx\CalculateField" Date="20210429" Time="053514">CalculateField JP_WITHIN_earthquake rock_level '2' PYTHON_9.3 #</Process><Process ToolSource="c:\program files (x86)\arcgis\desktop10.8\ArcToolbox\Toolboxes\Data Management Tools.tbx\CalculateField" Date="20210429" Time="053538">CalculateField JP_WITHIN_earthquake rock_level '2' PYTHON_9.3 #</Process><Process ToolSource="c:\program files (x86)\arcgis\desktop10.8\ArcToolbox\Toolboxes\Data Management Tools.tbx\CalculateField" Date="20210429" Time="053600">CalculateField JP_WITHIN_earthquake rock_level '3' PYTHON_9.3 #</Process><Process ToolSource="c:\program files (x86)\arcgis\desktop10.8\ArcToolbox\Toolboxes\Data Management Tools.tbx\CalculateField" Date="20210429" Time="053618">CalculateField JP_WITHIN_earthquake rock_level '3' PYTHON_9.3 #</Process><Process ToolSource="c:\program files (x86)\arcgis\desktop10.8\ArcToolbox\Toolboxes\Data Management Tools.tbx\CalculateField" Date="20210429" Time="053710">CalculateField JP_WITHIN_earthquake rock_level '3' PYTHON_9.3 #</Process><Process ToolSource="c:\program files (x86)\arcgis\desktop10.8\ArcToolbox\Toolboxes\Data Management Tools.tbx\CalculateField" Date="20210429" Time="053737">CalculateField JP_WITHIN_earthquake rock_level '2' PYTHON_9.3 #</Process><Process ToolSource="c:\program files (x86)\arcgis\desktop10.8\ArcToolbox\Toolboxes\Data Management Tools.tbx\CalculateField" Date="20210429" Time="053908">CalculateField JP_WITHIN_earthquake rock_level '1' PYTHON_9.3 #</Process><Process ToolSource="c:\program files (x86)\arcgis\desktop10.8\ArcToolbox\Toolboxes\Data Management Tools.tbx\CalculateField" Date="20210429" Time="053930">CalculateField JP_WITHIN_earthquake rock_level '1' PYTHON_9.3 #</Process><Process ToolSource="c:\program files (x86)\arcgis\desktop10.8\ArcToolbox\Toolboxes\Data Management Tools.tbx\CalculateField" Date="20210429" Time="053942">CalculateField JP_WITHIN_earthquake rock_level '1' PYTHON_9.3 #</Process><Process ToolSource="c:\program files (x86)\arcgis\desktop10.8\ArcToolbox\Toolboxes\Data Management Tools.tbx\CalculateField" Date="20210429" Time="053957">CalculateField JP_WITHIN_earthquake rock_level '3' PYTHON_9.3 #</Process><Process ToolSource="c:\program files (x86)\arcgis\desktop10.8\ArcToolbox\Toolboxes\Data Management Tools.tbx\CalculateField" Date="20210429" Time="054009">CalculateField JP_WITHIN_earthquake rock_level '3' PYTHON_9.3 #</Process><Process ToolSource="c:\program files (x86)\arcgis\desktop10.8\ArcToolbox\Toolboxes\Data Management Tools.tbx\CalculateField" Date="20210429" Time="054039">CalculateField JP_WITHIN_earthquake rock_level '2' PYTHON_9.3 #</Process><Process ToolSource="c:\program files (x86)\arcgis\desktop10.8\ArcToolbox\Toolboxes\Data Management Tools.tbx\CalculateField" Date="20210429" Time="054051">CalculateField JP_WITHIN_earthquake rock_level '2' PYTHON_9.3 #</Process><Process ToolSource="c:\program files (x86)\arcgis\desktop10.8\ArcToolbox\Toolboxes\Data Management Tools.tbx\CalculateField" Date="20210429" Time="054117">CalculateField JP_WITHIN_earthquake rock_level '3' PYTHON_9.3 #</Process><Process ToolSource="c:\program files (x86)\arcgis\desktop10.8\ArcToolbox\Toolboxes\Data Management Tools.tbx\CalculateField" Date="20210429" Time="054134">CalculateField JP_WITHIN_earthquake rock_level '2' PYTHON_9.3 #</Process><Process ToolSource="c:\program files (x86)\arcgis\desktop10.8\ArcToolbox\Toolboxes\Data Management Tools.tbx\CalculateField" Date="20210429" Time="054150">CalculateField JP_WITHIN_earthquake rock_level '3' PYTHON_9.3 #</Process><Process ToolSource="c:\program files (x86)\arcgis\desktop10.8\ArcToolbox\Toolboxes\Data Management Tools.tbx\CalculateField" Date="20210429" Time="054220">CalculateField JP_WITHIN_earthquake rock_level '2' PYTHON_9.3 #</Process><Process ToolSource="c:\program files (x86)\arcgis\desktop10.8\ArcToolbox\Toolboxes\Data Management Tools.tbx\CalculateField" Date="20210429" Time="054229">CalculateField JP_WITHIN_earthquake rock_level '3' PYTHON_9.3 #</Process><Process ToolSource="c:\program files (x86)\arcgis\desktop10.8\ArcToolbox\Toolboxes\Data Management Tools.tbx\CalculateField" Date="20210429" Time="054304">CalculateField JP_WITHIN_earthquake rock_level '2' PYTHON_9.3 #</Process><Process ToolSource="c:\program files (x86)\arcgis\desktop10.8\ArcToolbox\Toolboxes\Data Management Tools.tbx\CalculateField" Date="20210429" Time="054317">CalculateField JP_WITHIN_earthquake rock_level '1' PYTHON_9.3 #</Process><Process ToolSource="c:\program files (x86)\arcgis\desktop10.8\ArcToolbox\Toolboxes\Data Management Tools.tbx\CalculateField" Date="20210429" Time="054328">CalculateField JP_WITHIN_earthquake rock_level '1' PYTHON_9.3 #</Process><Process ToolSource="c:\program files (x86)\arcgis\desktop10.8\ArcToolbox\Toolboxes\Data Management Tools.tbx\CalculateField" Date="20210429" Time="054356">CalculateField JP_WITHIN_earthquake rock_level '1' PYTHON_9.3 #</Process><Process ToolSource="c:\program files (x86)\arcgis\desktop10.8\ArcToolbox\Toolboxes\Data Management Tools.tbx\CalculateField" Date="20210429" Time="054412">CalculateField JP_WITHIN_earthquake rock_level '1' PYTHON_9.3 #</Process><Process ToolSource="c:\program files (x86)\arcgis\desktop10.8\ArcToolbox\Toolboxes\Data Management Tools.tbx\CalculateField" Date="20210429" Time="054427">CalculateField JP_WITHIN_earthquake rock_level '2' PYTHON_9.3 #</Process><Process ToolSource="c:\program files (x86)\arcgis\desktop10.8\ArcToolbox\Toolboxes\Data Management Tools.tbx\CalculateField" Date="20210429" Time="054441">CalculateField JP_WITHIN_earthquake rock_level '3' PYTHON_9.3 #</Process><Process ToolSource="c:\program files (x86)\arcgis\desktop10.8\ArcToolbox\Toolboxes\Data Management Tools.tbx\CalculateField" Date="20210429" Time="054449">CalculateField JP_WITHIN_earthquake rock_level '3' PYTHON_9.3 #</Process><Process ToolSource="c:\program files (x86)\arcgis\desktop10.8\ArcToolbox\Toolboxes\Data Management Tools.tbx\CalculateField" Date="20210429" Time="054456">CalculateField JP_WITHIN_earthquake rock_level '3' PYTHON_9.3 #</Process><Process ToolSource="c:\program files (x86)\arcgis\desktop10.8\ArcToolbox\Toolboxes\Data Management Tools.tbx\CalculateField" Date="20210429" Time="054522">CalculateField JP_WITHIN_earthquake rock_level '2' PYTHON_9.3 #</Process><Process ToolSource="c:\program files (x86)\arcgis\desktop10.8\ArcToolbox\Toolboxes\Data Management Tools.tbx\CalculateField" Date="20210429" Time="054533">CalculateField JP_WITHIN_earthquake rock_level '3' PYTHON_9.3 #</Process><Process ToolSource="c:\program files (x86)\arcgis\desktop10.8\ArcToolbox\Toolboxes\Data Management Tools.tbx\CalculateField" Date="20210429" Time="054544">CalculateField JP_WITHIN_earthquake rock_level '3' PYTHON_9.3 #</Process><Process ToolSource="c:\program files (x86)\arcgis\desktop10.8\ArcToolbox\Toolboxes\Data Management Tools.tbx\CalculateField" Date="20210429" Time="054601">CalculateField JP_WITHIN_earthquake rock_level '3' PYTHON_9.3 #</Process><Process ToolSource="c:\program files (x86)\arcgis\desktop10.8\ArcToolbox\Toolboxes\Data Management Tools.tbx\CalculateField" Date="20210429" Time="054614">CalculateField JP_WITHIN_earthquake rock_level '2' PYTHON_9.3 #</Process><Process ToolSource="c:\program files (x86)\arcgis\desktop10.8\ArcToolbox\Toolboxes\Data Management Tools.tbx\CalculateField" Date="20210429" Time="054631">CalculateField JP_WITHIN_earthquake rock_level '3' PYTHON_9.3 #</Process><Process ToolSource="c:\program files (x86)\arcgis\desktop10.8\ArcToolbox\Toolboxes\Data Management Tools.tbx\CalculateField" Date="20210429" Time="054656">CalculateField JP_WITHIN_earthquake rock_level '3' PYTHON_9.3 #</Process><Process ToolSource="c:\program files (x86)\arcgis\desktop10.8\ArcToolbox\Toolboxes\Data Management Tools.tbx\CalculateField" Date="20210429" Time="054759">CalculateField JP_WITHIN_earthquake rock_level '3' PYTHON_9.3 #</Process><Process ToolSource="c:\program files (x86)\arcgis\desktop10.8\ArcToolbox\Toolboxes\Data Management Tools.tbx\CalculateField" Date="20210429" Time="054808">CalculateField JP_WITHIN_earthquake rock_level '2' PYTHON_9.3 #</Process><Process ToolSource="c:\program files (x86)\arcgis\desktop10.8\ArcToolbox\Toolboxes\Data Management Tools.tbx\CalculateField" Date="20210429" Time="054817">CalculateField JP_WITHIN_earthquake rock_level '3' PYTHON_9.3 #</Process><Process ToolSource="c:\program files (x86)\arcgis\desktop10.8\ArcToolbox\Toolboxes\Data Management Tools.tbx\CalculateField" Date="20210429" Time="054858">CalculateField JP_WITHIN_earthquake rock_level '3' PYTHON_9.3 #</Process><Process ToolSource="c:\program files (x86)\arcgis\desktop10.8\ArcToolbox\Toolboxes\Data Management Tools.tbx\CalculateField" Date="20210429" Time="054930">CalculateField JP_WITHIN_earthquake rock_level '3' PYTHON_9.3 #</Process><Process ToolSource="c:\program files (x86)\arcgis\desktop10.8\ArcToolbox\Toolboxes\Data Management Tools.tbx\CalculateField" Date="20210429" Time="054953">CalculateField JP_WITHIN_earthquake rock_level '3' PYTHON_9.3 #</Process><Process ToolSource="c:\program files (x86)\arcgis\desktop10.8\ArcToolbox\Toolboxes\Data Management Tools.tbx\CalculateField" Date="20210429" Time="055003">CalculateField JP_WITHIN_earthquake rock_level '3' PYTHON_9.3 #</Process><Process ToolSource="c:\program files (x86)\arcgis\desktop10.8\ArcToolbox\Toolboxes\Data Management Tools.tbx\CalculateField" Date="20210429" Time="055033">CalculateField JP_WITHIN_earthquake rock_level '2' PYTHON_9.3 #</Process><Process ToolSource="c:\program files (x86)\arcgis\desktop10.8\ArcToolbox\Toolboxes\Data Management Tools.tbx\CalculateField" Date="20210429" Time="055111">CalculateField JP_WITHIN_earthquake rock_level '3' PYTHON_9.3 #</Process><Process ToolSource="c:\program files (x86)\arcgis\desktop10.8\ArcToolbox\Toolboxes\Data Management Tools.tbx\CalculateField" Date="20210429" Time="055123">CalculateField JP_WITHIN_earthquake rock_level '1' PYTHON_9.3 #</Process><Process ToolSource="c:\program files (x86)\arcgis\desktop10.8\ArcToolbox\Toolboxes\Data Management Tools.tbx\CalculateField" Date="20210429" Time="055145">CalculateField JP_WITHIN_earthquake rock_level '2' PYTHON_9.3 #</Process><Process ToolSource="c:\program files (x86)\arcgis\desktop10.8\ArcToolbox\Toolboxes\Data Management Tools.tbx\CalculateField" Date="20210429" Time="055157">CalculateField JP_WITHIN_earthquake rock_level '3' PYTHON_9.3 #</Process><Process ToolSource="c:\program files (x86)\arcgis\desktop10.8\ArcToolbox\Toolboxes\Data Management Tools.tbx\CalculateField" Date="20210429" Time="055314">CalculateField JP_WITHIN_earthquake rock_level '1' PYTHON_9.3 #</Process><Process ToolSource="c:\program files (x86)\arcgis\desktop10.8\ArcToolbox\Toolboxes\Data Management Tools.tbx\CalculateField" Date="20210429" Time="055325">CalculateField JP_WITHIN_earthquake rock_level '1' PYTHON_9.3 #</Process><Process ToolSource="c:\program files (x86)\arcgis\desktop10.8\ArcToolbox\Toolboxes\Data Management Tools.tbx\CalculateField" Date="20210429" Time="055450">CalculateField JP_WITHIN_earthquake rock_level '3' PYTHON_9.3 #</Process><Process ToolSource="c:\program files (x86)\arcgis\desktop10.8\ArcToolbox\Toolboxes\Data Management Tools.tbx\CalculateField" Date="20210429" Time="055509">CalculateField JP_WITHIN_earthquake rock_level '2' PYTHON_9.3 #</Process><Process ToolSource="c:\program files (x86)\arcgis\desktop10.8\ArcToolbox\Toolboxes\Data Management Tools.tbx\CalculateField" Date="20210429" Time="055719">CalculateField JP_WITHIN_earthquake rock_level '1' PYTHON_9.3 #</Process><Process ToolSource="c:\program files (x86)\arcgis\desktop10.8\ArcToolbox\Toolboxes\Data Management Tools.tbx\CalculateField" Date="20210429" Time="055813">CalculateField JP_WITHIN_earthquake rock_level '3' PYTHON_9.3 #</Process><Process ToolSource="c:\program files (x86)\arcgis\desktop10.8\ArcToolbox\Toolboxes\Data Management Tools.tbx\CalculateField" Date="20210429" Time="055939">CalculateField JP_WITHIN_earthquake rock_level '3' PYTHON_9.3 #</Process></lineage></DataProperties></Esri></metadata>
